Annual Distance (miles/vehicle),2020.0
LDVs,11993.941668531
HDVs,16271.127484072
aircraft,1056844.175022673
rail,542187.41025641
ships,219.180923483
motorbikes,2364.668416752
