Annual Distance (miles/vehicle),2020.0
LDVs,10824.600143763
HDVs,32624.19589792
aircraft,1027193.30707751
rail,18047.489783143
ships,128863.844740577
motorbikes,0.0
