Annual Distance (miles/vehicle),2020.0
LDVs,11948.363992288
HDVs,16339.491148557
aircraft,1096518.055028381
rail,571172.317073171
ships,218.541811435
motorbikes,2355.133129679
