Annual Distance (miles/vehicle),2020.0
LDVs,10782.990051275
HDVs,32761.343201339
aircraft,1065753.901471705
rail,18123.592900909
ships,128600.694749858
motorbikes,0.0
