Annual Distance (miles/vehicle),2020.0
LDVs,10509.206156916
HDVs,34059.381951957
aircraft,888243.364451601
rail,18171.502946204
ships,126066.4413348
motorbikes,0.0
