Annual Distance (miles/vehicle),2020.0
LDVs,12045.534326044
HDVs,9269.69218518
aircraft,1137515.070669272
rail,571172.317073171
ships,205.834022659
motorbikes,2047.730225426
