solar pv,Hour0,Hour1,Hour2,Hour3,Hour4,Hour5,Hour6,Hour7,Hour8,Hour9,Hour10,Hour11,Hour12,Hour13,Hour14,Hour15,Hour16,Hour17,Hour18,Hour19,Hour20,Hour21,Hour22,Hour23
Winter,0,0,0,0,0,0.0,0.0007037521072242753,0.1369480096410711,0.3920979569684642,0.4788186999914238,0.4974160342327146,0.5057312660241843,0.49451500881290167,0.4981410345847182,0.49332689912587785,0.429830487647218,0.1953873388621436,0.009536877864833003,0.0,0,0,0,0,0
Spring,0,0,0,0,0,0.009867953678826378,0.21377366267259404,0.5198159082792634,0.6830414686377185,0.7449289015809463,0.7591306651852632,0.7527529917144649,0.7452524253079398,0.7168655382910011,0.6900882698168683,0.6618181841454811,0.555438718654039,0.2770086311394307,0.016268347411362176,0,0,0,0,0
Summer,0,0,0,0,0,0.02179261886706129,0.27195394854167115,0.5080306138919826,0.6243730815135311,0.6776516355123586,0.7001528528873022,0.6974135477672888,0.684390089231299,0.66605078830738,0.6264792501444097,0.5686083416324634,0.4795096931470674,0.3054888635995249,0.06271435189462118,0,0,0,0,0
Fall,0,0,0,0,0,0.00017085049278784087,0.09502472747174576,0.4632881383908296,0.6237693576262786,0.6683135560213455,0.6616262553770849,0.6536952210607502,0.6398973545683443,0.6393563280078495,0.636682566058571,0.5909501362701602,0.3739198170644894,0.06749656247843253,0.0,0,0,0,0,0
Summer Peak,0,0,0,0,0,0.011358082845114376,0.28137898548591284,0.5189919627874113,0.6698560367415434,0.8038095798863603,0.8398681072805958,0.8430241116377661,0.8308181470250537,0.8356699149174197,0.8226867253510761,0.7889363205464128,0.6894574145494157,0.46856066181882416,0.11276827509052906,0,0,0,0,0
Winter Peak,0,0,0,0,0,0.0,0.0001413136279329938,0.11918626902581918,0.6230341213530779,0.749015220655342,0.7314157859098538,0.6827391291547679,0.6867489033473666,0.7081991344540289,0.7487679218064591,0.7404186416227517,0.38933670915888946,0.020461035711131392,0.0,0,0,0,0,0
