solar pv,Hour0,Hour1,Hour2,Hour3,Hour4,Hour5,Hour6,Hour7,Hour8,Hour9,Hour10,Hour11,Hour12,Hour13,Hour14,Hour15,Hour16,Hour17,Hour18,Hour19,Hour20,Hour21,Hour22,Hour23
Winter,0,0,0,0,0,0.0,0.0006584836096228209,0.12813889833281164,0.3668764546207554,0.4480189298030474,0.46541999994529937,0.47320035866634613,0.4627055815152354,0.46609836501712576,0.46159389638163767,0.40218185938827744,0.18281914732162893,0.0089234230299305,0.0,0,0,0,0,0
Spring,0,0,0,0,0,0.009233202559994052,0.20002278017205402,0.486379013447148,0.6391051723661869,0.6970117275528982,0.710299969911511,0.7043325370542071,0.6973144407801304,0.6707535258827033,0.645698691631149,0.6192470648919213,0.5197104045999366,0.25919019134281457,0.015221894209714877,0,0,0,0,0
Summer,0,0,0,0,0,0.020390819703995217,0.2544606486411973,0.47535180214796946,0.5842105995077749,0.6340620375247866,0.6551158754967967,0.6525527747902152,0.6403670436236317,0.6232074089363954,0.5861812899089808,0.5320328982552783,0.4486654751741831,0.2858384472850782,0.05868028299567907,0,0,0,0,0
Fall,0,0,0,0,0,0.00015986062143459045,0.08891231004027267,0.43348736370576857,0.5836457098535733,0.6253246252640406,0.6190674818442733,0.6116466072905035,0.5987362815667927,0.5982300562655832,0.5957282826984996,0.552937568276812,0.3498676143525396,0.06315488030754332,0.0,0,0,0,0,0
Summer Peak,0,0,0,0,0,5.5093208517005755e-05,0.10960793834458292,0.1418099187227728,0.388544853066183,0.6698232291497558,0.7296820002034826,0.7533445332615366,0.7495155552696047,0.743014556664598,0.7494880086653463,0.7142008086102039,0.5931059362898253,0.36579135794865963,0.060795355598515836,0,0,0,0,0
Winter Peak,0,0,0,0,0,0.0,0.0,0.07360452657871967,0.5426130106839896,0.5823627606290092,0.6029125274058523,0.6212310192377567,0.6149503934668182,0.5229998284519356,0.5794703671818664,0.6379242614184096,0.25353894559526047,0.0,0.0,0,0,0,0,0
