solar pv dist,Hour0,Hour1,Hour2,Hour3,Hour4,Hour5,Hour6,Hour7,Hour8,Hour9,Hour10,Hour11,Hour12,Hour13,Hour14,Hour15,Hour16,Hour17,Hour18,Hour19,Hour20,Hour21,Hour22,Hour23
Winter,0,0,0,0,0,0,0.011984787747969985,0.1414739438791243,0.27592763901737066,0.31043272689896195,0.3236612190358723,0.3312776235995478,0.3244629458320486,0.4222530578682291,0.39943467982320907,0.31524308767602005,0.10439921883030116,0.03178127248432522,0.0,0,0,0,0,0
Spring,0,0,0,0,0,0,0.18194315962586083,0.341903073286052,0.4168850858258814,0.43227721245760103,0.446885599753315,0.4384443416589576,0.42129201356768436,0.5360134648987565,0.49537465309898243,0.4532326035563778,0.33144465001541795,0.20056018090245656,0.009135060129509716,0,0,0,0,0
Summer,0,0,0,0,0,0,0.20321458656014788,0.3088638895682182,0.37478601124969435,0.39769299747289477,0.40516562049944294,0.40060052715958805,0.40543735224586286,0.49623651531208385,0.4797423983043939,0.42251569250835574,0.3370017119100024,0.2040569549740496,0.028382380913562138,0,0,0,0,0
Fall,0,0,0,0,0,0,0.12283455412161379,0.306514746347324,0.37763050808045584,0.39212494671162257,0.3848002170290276,0.37580901445568343,0.38042088129287294,0.48647444095647785,0.4694802929891874,0.40933224818819525,0.2156532186179901,0.0820641010735186,0.0,0,0,0,0,0
Summer Peak,0,0,0,0,0,0,0.0070921985815602835,0.034278959810874705,0.08628841607565012,0.3037825059101655,0.40070921985815605,0.4338061465721041,0.4208037825059102,0.5732860520094563,0.6016548463356974,0.5673758865248227,0.45271867612293143,0.06619385342789598,0.0047281323877068565,0,0,0,0,0
Winter Peak,0,0,0,0,0,0,0.0,0.16430260047281325,0.3995271867612293,0.3628841607565012,0.2293144208037825,0.3829787234042553,0.425531914893617,0.6004728132387707,0.6193853427895981,0.5,0.1252955082742317,0.0,0.0,0,0,0,0,0
