solar pv,Hour0,Hour1,Hour2,Hour3,Hour4,Hour5,Hour6,Hour7,Hour8,Hour9,Hour10,Hour11,Hour12,Hour13,Hour14,Hour15,Hour16,Hour17,Hour18,Hour19,Hour20,Hour21,Hour22,Hour23
Winter,0,0,0,0,0,0.0,0.0007037521072242753,0.1369480096410711,0.3920979569684642,0.4788186999914238,0.4974160342327146,0.5057312660241843,0.49451500881290167,0.4981410345847182,0.49332689912587785,0.429830487647218,0.1953873388621436,0.009536877864833003,0.0,0,0,0,0,0
Spring,0,0,0,0,0,0.009867953678826378,0.21377366267259404,0.5198159082792634,0.6830414686377185,0.7449289015809463,0.7591306651852632,0.7527529917144649,0.7452524253079398,0.7168655382910011,0.6900882698168683,0.6618181841454811,0.555438718654039,0.2770086311394307,0.016268347411362176,0,0,0,0,0
Summer,0,0,0,0,0,0.02179261886706129,0.27195394854167115,0.5080306138919826,0.6243730815135311,0.6776516355123586,0.7001528528873022,0.6974135477672888,0.684390089231299,0.66605078830738,0.6264792501444097,0.5686083416324634,0.4795096931470674,0.3054888635995249,0.06271435189462118,0,0,0,0,0
Fall,0,0,0,0,0,0.00017085049278784087,0.09502472747174576,0.4632881383908296,0.6237693576262786,0.6683135560213455,0.6616262553770849,0.6536952210607502,0.6398973545683443,0.6393563280078495,0.636682566058571,0.5909501362701602,0.3739198170644894,0.06749656247843253,0.0,0,0,0,0,0
Summer Peak,0,0,0,0,0,5.888067830541409e-05,0.1171431094886213,0.15155886595813584,0.4152559837489328,0.7158712868372243,0.7798451438160569,0.8051343951482322,0.8010421880060059,0.794094267965967,0.8010127476668533,0.7632996732122354,0.6338799422969352,0.3909382636087968,0.06497482851002444,0,0,0,0,0
Winter Peak,0,0,0,0,0,0.0,0.0,0.07866458621603321,0.5799158006300232,0.6223982100273795,0.6443607030352989,0.6639385285718491,0.657226131245032,0.5589542791532959,0.6193069744163453,0.6817793740983897,0.2709688815615156,0.0,0.0,0,0,0,0,0
