Unit: dimensionless (ratio of electricity demand in this hour to annual demand),Hour0,Hour1,Hour2,Hour3,Hour4,Hour5,Hour6,Hour7,Hour8,Hour9,Hour10,Hour11,Hour12,Hour13,Hour14,Hour15,Hour16,Hour17,Hour18,Hour19,Hour20,Hour21,Hour22,Hour23
Winter,0,0,0,0,0,0,0.00043502177400870946,0.00021751088700435473,0,0,0,0,0.0,0.0,0.0,0.0,0.0,0.0,0.0,0.0,0.0,0,0,0
Spring,0,0,0,0,0,0,0.0,0.0,0,0,0,0,0.0,0.0,0.0,0.0,0.0,0.0,0.0005674197052287514,0.0002837098526143757,0.0,0,0,0
Summer,0,0,0,0,0,0,0.0,0.0,0,0,0,0,0.0008511295578431271,0.0584442296385614,0.22923756091241565,0.39917976262842675,0.7938201676150233,0.95,0.95,0.95,0.11603732971927966,0,0,0
Fall,0,0,0,0,0,0,0.0,0.0,0,0,0,0,0.0,0.0,0.0,0.0,0.0,0.00128367080855029,0.00128367080855029,0.00042789026951676334,0.0,0,0,0
Summer Peak,0,0,0,0,0,0,0.0,0.0,0,0,0,0,0.0,0.0,0.026101306440522564,0.026101306440522564,0.95,0.95,0.95,0.95,0.0,0,0,0
Winter Peak,0,0,0,0,0,0,0.0,0.0,0,0,0,0,0.0,0.0,0.0,0.0,0.0,0.0,0.0,0.0,0.0,0,0,0
