solar pv,Hour0,Hour1,Hour2,Hour3,Hour4,Hour5,Hour6,Hour7,Hour8,Hour9,Hour10,Hour11,Hour12,Hour13,Hour14,Hour15,Hour16,Hour17,Hour18,Hour19,Hour20,Hour21,Hour22,Hour23
Winter,0,0,0,0,0,0.0,0.0006590120861927306,0.12824173825847315,0.3671708971968275,0.4483784945724918,0.4657935302223542,0.473580133194935,0.4630769332922937,0.46647243972693647,0.4619643559579827,0.4025046368825436,0.18296587175710227,0.008930584666037756,0.0,0,0,0,0,0
Spring,0,0,0,0,0,0.009240612814625876,0.20018331165867626,0.48676936471625526,0.6396180964608308,0.6975711254810789,0.7108700325314763,0.7048978104153336,0.6978740816556612,0.6712918498704733,0.6462169074603081,0.6197440515442818,0.5201275065109875,0.2593982085831428,0.015234110784769928,0,0,0,0,0
Summer,0,0,0,0,0,0.020407184683012673,0.2546648701112623,0.475733303351991,0.5846794670835519,0.6345709141707717,0.6556416492377319,0.6530764914736172,0.6408809804532686,0.6237075740263142,0.5866517390939101,0.5324598897810205,0.4490255588389728,0.28606785151012193,0.058727377796864245,0,0,0,0,0
Fall,0,0,0,0,0,0.0001599889201373141,0.08898366803908413,0.4338352659340437,0.5841141240681087,0.6258264895598412,0.619564324369382,0.6121374940738555,0.5992168069614099,0.598710175380975,0.5962063939754364,0.5533813371803759,0.3501484062113703,0.06320556626848486,0.0,0,0,0,0,0
Summer Peak,0,0,0,0,0,5.51374244541026e-05,0.10969590595143709,0.14192373054486007,0.3888566859625585,0.6703608065129792,0.7302676181823619,0.7539491419853989,0.7501170909858388,0.7436108749002547,0.7500895222736117,0.7147740019107589,0.5935819429606414,0.36608492966301415,0.06084414788510221,0,0,0,0,0
Winter Peak,0,0,0,0,0,0.0,0.0,0.07366359907068107,0.5430484934484564,0.5828301451920914,0.6033964045134717,0.6217295981444607,0.6154439317566932,0.5234195703427958,0.579935430408251,0.638436237754054,0.25374242733778013,0.0,0.0,0,0,0,0,0
