solar pv,Hour0,Hour1,Hour2,Hour3,Hour4,Hour5,Hour6,Hour7,Hour8,Hour9,Hour10,Hour11,Hour12,Hour13,Hour14,Hour15,Hour16,Hour17,Hour18,Hour19,Hour20,Hour21,Hour22,Hour23
Winter,0,0,0,0,0,0.0,0.0005081267441812478,0.0988799117568301,0.28310459923214315,0.3457191596048799,0.35914690326841114,0.3651507100264141,0.3570522898580576,0.359670371780423,0.356194444743563,0.3103484366099602,0.1410745791466876,0.006885865987989822,0.0,0,0,0,0,0
Spring,0,0,0,0,0,0.007124911063258062,0.15434996796522366,0.3753201764316496,0.4931731415605626,0.5378574266722745,0.548111457641156,0.5435066167846936,0.5380910189505428,0.5175949716502379,0.49826110947326524,0.47784939568588597,0.40104074262038036,0.20000720766030536,0.01174615652086498,0,0,0,0,0
Summer,0,0,0,0,0,0.0157348196309894,0.19635759953138696,0.36681089709201686,0.45081308859623365,0.48928154631053716,0.5055279919090311,0.5035501446277755,0.49414687959177733,0.48090544248150613,0.4523337953878994,0.4105495420647119,0.34621807406470806,0.22057065272131016,0.04528134141912479,0,0,0,0,0
Fall,0,0,0,0,0,0.0001233583583635098,0.06861024626607755,0.33450570301923405,0.4503771847459077,0.48253921775483444,0.4777108182817137,0.47198441177609934,0.46202200469345966,0.46163136989197523,0.4597008464305803,0.4266808804321309,0.2699795244368299,0.048734217892241714,0.0,0,0,0,0,0
Summer Peak,0,0,0,0,0,4.251333254335649e-05,0.08458027509500772,0.10942931796659958,0.2998252777620216,0.516877097062128,0.563067832870485,0.5813273091978566,0.5783726325860933,0.5733560593459772,0.5783513759198217,0.5511215864258017,0.4576772814955042,0.2822672714216154,0.04691346246159388,0,0,0,0,0
Winter Peak,0,0,0,0,0,0.0,0.0,0.05679781227792426,0.418713812219518,0.44938718164954966,0.4652446546882216,0.47938033775888766,0.4745338178489451,0.4035790658340831,0.4471552316910235,0.49226187751952477,0.19564635636452654,0.0,0.0,0,0,0,0,0
